<?xml version="1.0"?>
<!--<!DOCTYPE metadata SYSTEM "http://www.esri.com/metadata/esriprof80.dtd">-->
<metadata xml:lang="da"><Esri><CreaDate>20160620</CreaDate><CreaTime>12151000</CreaTime><SyncOnce>TRUE</SyncOnce><DataProperties><lineage><Process Name="Project_1" ToolSource="C:\Programmer\ArcGIS\ArcToolbox\Toolboxes\Data Management Tools.tbx\Project" Date="20050719" Time="183412">Project C:\licen.shp C:\Licences.shp PROJCS['ED_1950_UTM_Zone_32N',GEOGCS['GCS_European_1950',DATUM['D_European_1950',SPHEROID['International_1924',6378388.0,297.0]],PRIMEM['Greenwich',0.0],UNIT['Degree',0.0174532925199433]],PROJECTION['Transverse_Mercator'],PARAMETER['False_Easting',500000.0],PARAMETER['False_Northing',0.0],PARAMETER['Central_Meridian',9.0],PARAMETER['Scale_Factor',0.9996],PARAMETER['Latitude_Of_Origin',0.0],UNIT['Meter',1.0]] #</Process><Process Name="Append_5" ToolSource="C:\Programmer\ArcGIS\ArcToolbox\Toolboxes\Data Management Tools.tbx\Append" Date="20050720" Time="100015">Append C:\esridata\homepage\Applications.shp C:\Licences.shp TEST C:\Licences.shp</Process><Process Name="Append_4" ToolSource="C:\Programmer\ArcGIS\ArcToolbox\Toolboxes\Data Management Tools.tbx\Append" Date="20050923" Time="165248">Append C:\esridata\Utm32\Licences\dso_total_2005v3.shp C:\esridata\homepage\Licences.shp TEST C:\esridata\homepage\Licences.shp</Process><Process Name="Append_5" ToolSource="C:\Programmer\ArcGIS\ArcToolbox\Toolboxes\Data Management Tools.tbx\Append" Date="20050923" Time="165614">Append C:\esridata\Utm32\Licences\dso_areal_2005_tilb.shp C:\esridata\homepage\Licences.shp TEST C:\esridata\homepage\Licences.shp</Process><Process Name="Append_2" ToolSource="C:\Programmer\ArcGIS\ArcToolbox\Toolboxes\Data Management Tools.tbx\Append" Date="20051019" Time="142340">Append C:\esridata\diverse\Export_Output.shp C:\esridata\homepage\Licences.shp TEST C:\esridata\homepage\Licences.shp</Process><Process Name="Rename_2" ToolSource="C:\Programmer\ArcGIS\ArcToolbox\Toolboxes\Data Management Tools.tbx\Rename" Date="20051020" Time="112531">Rename C:\esridata\homepage\Licences.shp C:\esridata\homepage\Licences_20051019.shp ShapeFile</Process><Process Name="Copy_3" ToolSource="C:\Programmer\ArcGIS\ArcToolbox\Toolboxes\Data Management Tools.tbx\Copy" Date="20051020" Time="112609">Copy C:\esridata\homepage\Licences_20051019.shp C:\esridata\homepage\Licences.shp ShapeFile</Process><Process Name="Append_5" ToolSource="C:\Programmer\ArcGIS\ArcToolbox\Toolboxes\Data Management Tools.tbx\Append" Date="20051020" Time="154149">Append C:\esridata\Utm32\Licences\dso_total_2005v3.shp C:\esridata\homepage\Licences.shp TEST C:\esridata\homepage\Licences.shp</Process><Process Name="Append_6" ToolSource="C:\Programmer\ArcGIS\ArcToolbox\Toolboxes\Data Management Tools.tbx\Append" Date="20051020" Time="154224">Append C:\esridata\Utm32\Licences\dso_areal_2005_tilb.shp C:\esridata\homepage\Licences.shp TEST C:\esridata\homepage\Licences.shp</Process><Process Name="Rename_2" ToolSource="C:\Programmer\ArcGIS\ArcToolbox\Toolboxes\Data Management Tools.tbx\Rename" Date="20060518" Time="191814">Rename C:\esridata\homepage\Licences.shp C:\esridata\homepage\Licences_20051212.shp ShapeFile</Process><Process Name="Copy_3" ToolSource="C:\Programmer\ArcGIS\ArcToolbox\Toolboxes\Data Management Tools.tbx\Copy" Date="20060518" Time="191855">Copy C:\esridata\homepage\Licences_20051212.shp C:\esridata\homepage\Licences.shp ShapeFile</Process><Process Name="Append_4" ToolSource="C:\Programmer\ArcGIS\ArcToolbox\Toolboxes\Data Management Tools.tbx\Append" Date="20060518" Time="192046">Append C:\esridata\Utm32\Licences\20060519.shp C:\esridata\homepage\Licences.shp TEST C:\esridata\homepage\Licences.shp</Process><Process Name="Rename_5" ToolSource="C:\Programmer\ArcGIS\ArcToolbox\Toolboxes\Data Management Tools.tbx\Rename" Date="20060815" Time="135047">Rename C:\esridata\homepage\Licences.shp C:\esridata\homepage\Licences_20060522.shp ShapeFile</Process><Process Name="Copy_6" ToolSource="C:\Programmer\ArcGIS\ArcToolbox\Toolboxes\Data Management Tools.tbx\Copy" Date="20060815" Time="135107">Copy C:\esridata\homepage\Licences_20060522.shp C:\esridata\homepage\Licences_20060522_Copy.shp ShapeFile</Process><Process Name="Rename_7" ToolSource="C:\Programmer\ArcGIS\ArcToolbox\Toolboxes\Data Management Tools.tbx\Rename" Date="20060815" Time="135150">Rename C:\esridata\homepage\Licences_20060522_Copy.shp C:\esridata\homepage\Licences.shp ShapeFile</Process><Process Name="Append_8" ToolSource="C:\Programmer\ArcGIS\ArcToolbox\Toolboxes\Data Management Tools.tbx\Append" Date="20060815" Time="135234">Append C:\esridata\Utm32\Applications\geo_center_nord.shp C:\esridata\homepage\Licences.shp TEST C:\esridata\homepage\Licences.shp</Process><Process Name="Rename_2" ToolSource="C:\Programmer\ArcGIS\ArcToolbox\Toolboxes\Data Management Tools.tbx\Rename" Date="20060922" Time="152332">Rename C:\esridata\homepage\Licences.shp C:\esridata\homepage\Licences_20060821.shp ShapeFile</Process><Process Name="Copy_3" ToolSource="C:\Programmer\ArcGIS\ArcToolbox\Toolboxes\Data Management Tools.tbx\Copy" Date="20060922" Time="152357">Copy C:\esridata\homepage\Licences_20060821.shp C:\esridata\homepage\Licences.shp ShapeFile</Process><Process Name="Append_4" ToolSource="C:\Programmer\ArcGIS\ArcToolbox\Toolboxes\Data Management Tools.tbx\Append" Date="20060922" Time="152447">Append C:\esridata\Utm32\Applications\jordan_dansk.shp C:\esridata\homepage\Licences.shp TEST C:\esridata\homepage\Licences.shp</Process><Process Name="Copy_6" ToolSource="C:\Programmer\ArcGIS\ArcToolbox\Toolboxes\Data Management Tools.tbx\Copy" Date="20060922" Time="152850">Copy C:\esridata\homepage\Licences.shp C:\esridata\Utm32\Licenskort\Licences.shp ShapeFile</Process><Process Name="Append_2" ToolSource="C:\Programmer\ArcGIS\ArcToolbox\Toolboxes\Data Management Tools.tbx\Append" Date="20061004" Time="111253">Append C:\esridata\Utm32\Applications\dong2006a.shp C:\esridata\Utm32\Licenskort\Licences.shp TEST C:\esridata\Utm32\Licenskort\Licences.shp</Process><Process Name="Append_2" ToolSource="C:\Programmer\ArcGIS\ArcToolbox\Toolboxes\Data Management Tools.tbx\Append" Date="20070104" Time="165934">Append C:\Esridata\Utm32\Licences\20070104.shp C:\Esridata\Utm32\Licenskort\Licences.shp TEST C:\Esridata\Utm32\Licenskort\Licences.shp</Process><Process Name="Copy_1" ToolSource="C:\Programmer\ArcGIS\ArcToolbox\Toolboxes\Data Management Tools.tbx\Copy" Date="20070118" Time="092726">Copy C:\Esridata\Utm32\Licenskort\Licences.shp C:\Esridata\homepage\Licences.shp ShapeFile</Process><Process Name="Append_2" ToolSource="C:\Programmer\ArcGIS\ArcToolbox\Toolboxes\Data Management Tools.tbx\Append" Date="20070215" Time="182351">Append C:\Esridata\Utm32\Licences\gcn_rev.shp C:\Esridata\homepage\Licences.shp TEST C:\Esridata\homepage\Licences.shp</Process><Process Name="Append_2" ToolSource="C:\Programmer\ArcGIS\ArcToolbox\Toolboxes\Data Management Tools.tbx\Append" Date="20070831" Time="184734">Append C:\Esridata\Utm32\Applications\Danica2007.shp C:\Esridata\homepage\Licences.shp TEST C:\Esridata\homepage\Licences.shp</Process><Process Name="Append_3" ToolSource="C:\Programmer\ArcGIS\ArcToolbox\Toolboxes\Data Management Tools.tbx\Append" Date="20080220" Time="181118">Append C:\Esridata\Utm32\Licences\Nini_field_delin_2008.shp O:\ENHED-RES\GIS\Klikkort\Shapefiler\Licences.shp TEST O:\ENHED-RES\GIS\Klikkort\Shapefiler\Licences.shp</Process><Process Name="Rename_1" ToolSource="C:\Programmer\ArcGIS\ArcToolbox\Toolboxes\Data Management Tools.tbx\Rename" Date="20080530" Time="083532">Rename O:\ENHED-RES\GIS\Klikkort\Shapefiler\Licences.shp O:\ENHED-RES\GIS\Klikkort\Shapefiler\Licences_20080405.shp ShapeFile</Process><Process Name="Copy_2" ToolSource="C:\Programmer\ArcGIS\ArcToolbox\Toolboxes\Data Management Tools.tbx\Copy" Date="20080530" Time="083601">Copy O:\ENHED-RES\GIS\Klikkort\Shapefiler\Licences_20080405.shp O:\ENHED-RES\GIS\Klikkort\Shapefiler\Licences.shp ShapeFile</Process><Process Name="Rename_1" ToolSource="C:\Programmer\ArcGIS\ArcToolbox\Toolboxes\Data Management Tools.tbx\Rename" Date="20080922" Time="154456">Rename O:\ENHED-RES\GIS\Klikkort\Shapefiler\Licences.shp O:\ENHED-RES\GIS\Klikkort\Shapefiler\Licences_20080530.shp ShapeFile</Process><Process Name="Copy_2" ToolSource="C:\Programmer\ArcGIS\ArcToolbox\Toolboxes\Data Management Tools.tbx\Copy" Date="20080922" Time="154523">Copy O:\ENHED-RES\GIS\Klikkort\Shapefiler\Licences_20080530.shp O:\ENHED-RES\GIS\Klikkort\Shapefiler\Licences.shp ShapeFile</Process><Process Name="Append_6" ToolSource="C:\Programmer\ArcGIS\ArcToolbox\Toolboxes\Data Management Tools.tbx\Append" Date="20080922" Time="163747">Append C:\Esridata\Utm32\Applications\Danica_Jutland.shp O:\ENHED-RES\GIS\Klikkort\Shapefiler\Licences.shp NO_TEST "RECORD_ID RECORD_ID true false false 6 Long 0 6 ,First,#,C:\Esridata\Utm32\Applications\Danica_Jutland.shp,RECORD_ID,-1,-1;LICENCE LICENCE true false false 20 Text 0 0 ,First,#;POLYGON_NA POLYGON_NA true false false 20 Text 0 0 ,First,#;URL URL true false false 50 Text 0 0 ,First,#;OPERATOR OPERATOR true false false 25 Text 0 0 ,First,#" O:\ENHED-RES\GIS\Klikkort\Shapefiler\Licences.shp</Process><Process ToolSource="C:\Programmer\ArcGIS\ArcToolbox\Toolboxes\Data Management Tools.tbx\Rename" Date="20081014" Time="183926">Rename O:\ENHED-RES\GIS\Klikkort\Shapefiler\Licences.shp O:\ENHED-RES\GIS\Klikkort\Shapefiler\Licences_20080922.shp ShapeFile</Process><Process ToolSource="C:\Programmer\ArcGIS\ArcToolbox\Toolboxes\Data Management Tools.tbx\Copy" Date="20081014" Time="183953">Copy O:\ENHED-RES\GIS\Klikkort\Shapefiler\Licences_20080922.shp O:\ENHED-RES\GIS\Klikkort\Shapefiler\Licences.shp ShapeFile</Process><Process ToolSource="C:\Programmer\ArcGIS\ArcToolbox\Toolboxes\Data Management Tools.tbx\Append" Date="20081015" Time="125538">Append C:\Esridata\Utm32\Applications\gmt2008.shp O:\ENHED-RES\GIS\Klikkort\Shapefiler\Licences.shp NO_TEST "RECORD_ID 'RECORD_ID' true false false 6 Long 0 6 ,First,#,C:\Esridata\Utm32\Applications\gmt2008.shp,RECORD_ID,-1,-1;LICENCE 'LICENCE' true false false 20 Text 0 0 ,First,#;POLYGON_NA 'POLYGON_NA' true false false 20 Text 0 0 ,First,#;URL 'URL' true false false 50 Text 0 0 ,First,#;OPERATOR 'OPERATOR' true false false 25 Text 0 0 ,First,#" # O:\ENHED-RES\GIS\Klikkort\Shapefiler\Licences.shp</Process><Process ToolSource="C:\Programmer\ArcGIS\ArcToolbox\Toolboxes\Data Management Tools.tbx\Rename" Date="20090105" Time="152048">Rename O:\ENHED-RES\GIS\Klikkort\Shapefiler\Licences.shp O:\ENHED-RES\GIS\Klikkort\Shapefiler\Licences_20081015.shp ShapeFile</Process><Process ToolSource="C:\Programmer\ArcGIS\ArcToolbox\Toolboxes\Data Management Tools.tbx\Copy" Date="20090105" Time="152120">Copy O:\ENHED-RES\GIS\Klikkort\Shapefiler\Licences_20081015.shp O:\ENHED-RES\GIS\Klikkort\Shapefiler\Licences.shp ShapeFile</Process><Process ToolSource="C:\Programmer\ArcGIS\ArcToolbox\Toolboxes\Data Management Tools.tbx\Append" Date="20090105" Time="160025">Append 9_95_relinquishment O:\ENHED-RES\GIS\Klikkort\Shapefiler\Licences.shp NO_TEST "RECORD_ID 'RECORD_ID' true false false 6 Long 0 6 ,First,#,C:\Esridata\Utm32\Licences\9_95_relinquishment.shp,RECORD_ID,-1,-1;LICENCE 'LICENCE' true false false 20 Text 0 0 ,First,#;POLYGON_NA 'POLYGON_NA' true false false 20 Text 0 0 ,First,#;URL 'URL' true false false 50 Text 0 0 ,First,#;OPERATOR 'OPERATOR' true false false 25 Text 0 0 ,First,#" # O:\ENHED-RES\GIS\Klikkort\Shapefiler\Licences.shp</Process><Process ToolSource="C:\Programmer\ArcGIS\ArcToolbox\Toolboxes\Data Management Tools.tbx\Append" Date="20090422" Time="102200">Append danica_jutland_rev Licences NO_TEST "RECORD_ID 'RECORD_ID' true false false 6 Long 0 6 ,First,#,C:\Esridata\Utm32\Applications\danica_jutland_rev.shp,RECORD_ID,-1,-1;LICENCE 'LICENCE' true false false 20 Text 0 0 ,First,#;POLYGON_NA 'POLYGON_NA' true false false 20 Text 0 0 ,First,#;URL 'URL' true false false 50 Text 0 0 ,First,#;OPERATOR 'OPERATOR' true false false 25 Text 0 0 ,First,#" # Licences</Process><Process ToolSource="C:\Programmer\ArcGIS\ArcToolbox\Toolboxes\Data Management Tools.tbx\Append" Date="20090511" Time="184159">Append C:\Esridata\Utm32\Applications\Schuepbach.shp O:\ENHED-RES\GIS\Klikkort\Shapefiler\Licences.shp NO_TEST "RECORD_ID 'RECORD_ID' true false false 6 Long 0 6 ,First,#,C:\Esridata\Utm32\Applications\Schuepbach.shp,RECORD_ID,-1,-1;LICENCE 'LICENCE' true false false 20 Text 0 0 ,First,#;POLYGON_NA 'POLYGON_NA' true false false 20 Text 0 0 ,First,#;URL 'URL' true false false 50 Text 0 0 ,First,#;OPERATOR 'OPERATOR' true false false 25 Text 0 0 ,First,#" # O:\ENHED-RES\GIS\Klikkort\Shapefiler\Licences.shp</Process><Process ToolSource="C:\Programmer\ArcGIS\ArcToolbox\Toolboxes\Data Management Tools.tbx\Rename" Date="20090525" Time="173232">Rename O:\ENHED-RES\GIS\Klikkort\Shapefiler\Licences.shp O:\ENHED-RES\GIS\Klikkort\Shapefiler\Licences_20090511.shp ShapeFile</Process><Process ToolSource="C:\Programmer\ArcGIS\ArcToolbox\Toolboxes\Data Management Tools.tbx\Copy" Date="20090525" Time="173259">Copy O:\ENHED-RES\GIS\Klikkort\Shapefiler\Licences_20090511.shp O:\ENHED-RES\GIS\Klikkort\Shapefiler\Licences.shp ShapeFile</Process><Process ToolSource="C:\Programmer\ArcGIS\ArcToolbox\Toolboxes\Data Management Tools.tbx\Append" Date="20090525" Time="174724">Append C:\Esridata\Utm32\Licences\DanicaJutland.shp O:\ENHED-RES\GIS\Klikkort\Shapefiler\Licences.shp NO_TEST "RECORD_ID 'RECORD_ID' true false false 6 Long 0 6 ,First,#,C:\Esridata\Utm32\Licences\DanicaJutland.shp,RECORD_ID,-1,-1;LICENCE 'LICENCE' true false false 20 Text 0 0 ,First,#;POLYGON_NA 'POLYGON_NA' true false false 20 Text 0 0 ,First,#;URL 'URL' true false false 50 Text 0 0 ,First,#;OPERATOR 'OPERATOR' true false false 25 Text 0 0 ,First,#" # O:\ENHED-RES\GIS\Klikkort\Shapefiler\Licences.shp</Process><Process ToolSource="C:\Programmer\ArcGIS\ArcToolbox\Toolboxes\Data Management Tools.tbx\Append" Date="20090602" Time="213711">Append C:\Esridata\Utm32\Applications\dong_nabo.shp O:\ENHED-RES\GIS\Klikkort\Shapefiler\Licences.shp NO_TEST "RECORD_ID 'RECORD_ID' true false false 6 Long 0 6 ,First,#,C:\Esridata\Utm32\Applications\dong_nabo.shp,RECORD_ID,-1,-1;LICENCE 'LICENCE' true false false 20 Text 0 0 ,First,#;POLYGON_NA 'POLYGON_NA' true false false 20 Text 0 0 ,First,#;URL 'URL' true false false 50 Text 0 0 ,First,#;OPERATOR 'OPERATOR' true false false 25 Text 0 0 ,First,#" # O:\ENHED-RES\GIS\Klikkort\Shapefiler\Licences.shp</Process><Process ToolSource="C:\Programmer\ArcGIS\ArcToolbox\Toolboxes\Data Management Tools.tbx\Rename" Date="20090702" Time="095243">Rename O:\E-RES\GIS\Klikkort\Shapefiler\Licences.shp O:\E-RES\GIS\Klikkort\Shapefiler\Licences_20090602.shp ShapeFile</Process><Process ToolSource="C:\Programmer\ArcGIS\ArcToolbox\Toolboxes\Data Management Tools.tbx\Copy" Date="20090702" Time="095308">Copy O:\E-RES\GIS\Klikkort\Shapefiler\Licences_20090602.shp O:\E-RES\GIS\Klikkort\Shapefiler\Licences.shp ShapeFile</Process><Process ToolSource="C:\Programmer\ArcGIS\ArcToolbox\Toolboxes\Data Management Tools.tbx\Copy" Date="20090710" Time="143935">Copy O:\E-RES\GIS\Klikkort\Shapefiler\Licences_20090702.shp O:\E-RES\GIS\Klikkort\Shapefiler\Licences.shp ShapeFile</Process><Process ToolSource="C:\Programmer\ArcGIS\ArcToolbox\Toolboxes\Data Management Tools.tbx\Append" Date="20090710" Time="144023">Append schuepbach_rev2_Project O:\E-RES\GIS\Klikkort\Shapefiler\Licences.shp NO_TEST "RECORD_ID 'RECORD_ID' true false false 6 Long 0 6 ,First,#,C:\Esridata\Utm32\Applications\schuepbach_rev2_Project.shp,RECORD_ID,-1,-1;LICENCE 'LICENCE' true false false 20 Text 0 0 ,First,#;POLYGON_NA 'POLYGON_NA' true false false 20 Text 0 0 ,First,#;URL 'URL' true false false 50 Text 0 0 ,First,#;OPERATOR 'OPERATOR' true false false 25 Text 0 0 ,First,#" # O:\E-RES\GIS\Klikkort\Shapefiler\Licences.shp</Process><Process ToolSource="C:\Programmer\ArcGIS\ArcToolbox\Toolboxes\Data Management Tools.tbx\Append" Date="20090922" Time="144005">Append devon_2omr_Project Licences NO_TEST "RECORD_ID 'RECORD_ID' true false false 6 Long 0 6 ,First,#,C:\Esridata\Geo\Applications\devon_2omr_Project.shp,RECORD_ID,-1,-1;LICENCE 'LICENCE' true false false 20 Text 0 0 ,First,#;POLYGON_NA 'POLYGON_NA' true false false 20 Text 0 0 ,First,#;URL 'URL' true false false 50 Text 0 0 ,First,#;OPERATOR 'OPERATOR' true false false 25 Text 0 0 ,First,#" # Licences</Process><Process ToolSource="C:\Programmer\ArcGIS\ArcToolbox\Toolboxes\Data Management Tools.tbx\Append" Date="20091116" Time="173415">Append '20091113samba selection' Licences NO_TEST "RECORD_ID 'RECORD_ID' true false false 6 Long 0 6 ,First,#,C:\Esridata\Utm32\Licences\20091113samba.shp,RECORD_ID,-1,-1;LICENCE 'LICENCE' true false false 20 Text 0 0 ,First,#,C:\Esridata\Utm32\Licences\20091113samba.shp,LICENCE,-1,-1;POLYGON_NA 'POLYGON_NA' true false false 20 Text 0 0 ,First,#,C:\Esridata\Utm32\Licences\20091113samba.shp,POLYGON_NA,-1,-1;URL 'URL' true false false 50 Text 0 0 ,First,#;OPERATOR 'OPERATOR' true false false 25 Text 0 0 ,First,#" # Licences</Process><Process ToolSource="C:\Programmer\ArcGIS\ArcToolbox\Toolboxes\Data Management Tools.tbx\Append" Date="20100119" Time="073410">Append '7_89a selection' "Gældende tilladelser" NO_TEST "RECORD_ID 'RECORD_ID' true false false 6 Long 0 6 ,First,#,C:\esridata\Utm31\Licenskort\7_89a.shp,RECORD_ID,-1,-1;LICENCE 'LICENCE' true false false 20 Text 0 0 ,First,#,C:\esridata\Utm31\Licenskort\7_89a.shp,LICENCE,-1,-1;POLYGON_NA 'POLYGON_NA' true false false 20 Text 0 0 ,First,#,C:\esridata\Utm31\Licenskort\7_89a.shp,POLYGON_NA,-1,-1;URL 'URL' true false false 50 Text 0 0 ,First,#;OPERATOR 'OPERATOR' true false false 25 Text 0 0 ,First,#" # "Gældende tilladelser"</Process><Process ToolSource="C:\Programmer\ArcGIS\ArcToolbox\Toolboxes\Data Management Tools.tbx\Append" Date="20100119" Time="073700">Append '7_89a selection' "Gældende tilladelser" NO_TEST "RECORD_ID 'RECORD_ID' true false false 6 Long 0 6 ,First,#,C:\esridata\Utm31\Licenskort\7_89a.shp,RECORD_ID,-1,-1;LICENCE 'LICENCE' true false false 20 Text 0 0 ,First,#,C:\esridata\Utm31\Licenskort\7_89a.shp,LICENCE,-1,-1;POLYGON_NA 'POLYGON_NA' true false false 20 Text 0 0 ,First,#,C:\esridata\Utm31\Licenskort\7_89a.shp,POLYGON_NA,-1,-1;URL 'URL' true false false 50 Text 0 0 ,First,#;OPERATOR 'OPERATOR' true false false 25 Text 0 0 ,First,#" # "Gældende tilladelser"</Process><Process ToolSource="C:\Programmer\ArcGIS\ArcToolbox\Toolboxes\Data Management Tools.tbx\Append" Date="20100119" Time="075420">Append '7_89a selection' "Gældende tilladelser" NO_TEST "RECORD_ID 'RECORD_ID' true false false 6 Long 0 6 ,First,#,C:\esridata\Utm31\Licenskort\7_89a.shp,RECORD_ID,-1,-1;LICENCE 'LICENCE' true false false 20 Text 0 0 ,First,#,C:\esridata\Utm31\Licenskort\7_89a.shp,LICENCE,-1,-1;POLYGON_NA 'POLYGON_NA' true false false 20 Text 0 0 ,First,#,C:\esridata\Utm31\Licenskort\7_89a.shp,POLYGON_NA,-1,-1;URL 'URL' true false false 50 Text 0 0 ,First,#;OPERATOR 'OPERATOR' true false false 25 Text 0 0 ,First,#" # "Gældende tilladelser"</Process><Process ToolSource="C:\Programmer\ArcGIS\ArcToolbox\Toolboxes\Data Management Tools.tbx\Rename" Date="20100528" Time="081419">Rename O:\E-RES\GIS\Klikkort\Shapefiler\Licences.shp O:\E-RES\GIS\Klikkort\Shapefiler\Licences_20100119.shp ShapeFile</Process><Process ToolSource="C:\Programmer\ArcGIS\ArcToolbox\Toolboxes\Data Management Tools.tbx\Copy" Date="20100528" Time="081512">Copy O:\E-RES\GIS\Klikkort\Shapefiler\Licences_20100119.shp O:\E-RES\GIS\Klikkort\Shapefiler\Licences.shp ShapeFile</Process><Process ToolSource="C:\Programmer\ArcGIS\ArcToolbox\Toolboxes\Data Management Tools.tbx\Append" Date="20100528" Time="085701">Append C:\Esridata\Utm32\Licences\4_06_rev.shp O:\E-RES\GIS\Klikkort\Shapefiler\Licences.shp NO_TEST "RECORD_ID 'RECORD_ID' true false false 6 Long 0 6 ,First,#,C:\Esridata\Utm32\Licences\4_06_rev.shp,RECORD_ID,-1,-1;LICENCE 'LICENCE' true false false 20 Text 0 0 ,First,#;POLYGON_NA 'POLYGON_NA' true false false 20 Text 0 0 ,First,#;URL 'URL' true false false 50 Text 0 0 ,First,#;OPERATOR 'OPERATOR' true false false 25 Text 0 0 ,First,#" # O:\E-RES\GIS\Klikkort\Shapefiler\Licences.shp</Process><Process ToolSource="C:\Programmer\ArcGIS\ArcToolbox\Toolboxes\Data Management Tools.tbx\Copy" Date="20100531" Time="143920">Copy O:\E-RES\GIS\Klikkort\Shapefiler\Licences.shp O:\E-RES\GIS\Klikkort\Shapefiler\Licences_Ny.shp ShapeFile</Process><Process ToolSource="C:\Programmer\ArcGIS\ArcToolbox\Toolboxes\Data Management Tools.tbx\Append" Date="20100531" Time="144031">Append 'Devon_rev_ENS_Intersect selection' Licences_Ny NO_TEST "RECORD_ID 'RECORD_ID' true false false 6 Long 0 6 ,First,#,C:\Esridata\Utm32\Applications\Devon_rev_ENS_Intersect.shp,RECORD_ID,-1,-1;LICENCE 'LICENCE' true false false 20 Text 0 0 ,First,#;POLYGON_NA 'POLYGON_NA' true false false 20 Text 0 0 ,First,#;URL 'URL' true false false 50 Text 0 0 ,First,#;OPERATOR 'OPERATOR' true false false 25 Text 0 0 ,First,#" # Licences_Ny</Process><Process ToolSource="C:\Programmer\ArcGIS\ArcToolbox\Toolboxes\Data Management Tools.tbx\Append" Date="20100616" Time="170545">Append Licences_Ny_Dissolve Licences NO_TEST "RECORD_ID 'RECORD_ID' true false false 6 Long 0 6 ,First,#;LICENCE 'LICENCE' true false false 20 Text 0 0 ,First,#,O:\E-RES\GIS\Klikkort\Shapefiler\Licences_Ny_Dissolve.shp,LICENCE,-1,-1;POLYGON_NA 'POLYGON_NA' true false false 20 Text 0 0 ,First,#;URL 'URL' true false false 50 Text 0 0 ,First,#;OPERATOR 'OPERATOR' true false false 25 Text 0 0 ,First,#" # Licences</Process><Process ToolSource="C:\Programmer\ArcGIS\ArcToolbox\Toolboxes\Data Management Tools.tbx\Rename" Date="20100616" Time="171437">Rename O:\E-RES\GIS\Klikkort\Shapefiler\Licences_Ny.shp O:\E-RES\GIS\Klikkort\Shapefiler\Licences.shp ShapeFile</Process><Process ToolSource="C:\Programmer\ArcGIS\ArcToolbox\Toolboxes\Data Management Tools.tbx\Append" Date="20100906" Time="141729">Append 'elko_nabo selection' Licences NO_TEST "RECORD_ID 'RECORD_ID' true false false 6 Long 0 6 ,First,#,C:\Esridata\Utm32\Applications\elko_nabo.shp,RECORD_ID,-1,-1;LICENCE 'LICENCE' true false false 20 Text 0 0 ,First,#;POLYGON_NA 'POLYGON_NA' true false false 20 Text 0 0 ,First,#;URL 'URL' true false false 50 Text 0 0 ,First,#;OPERATOR 'OPERATOR' true false false 25 Text 0 0 ,First,#" # Licences</Process><Process ToolSource="C:\Programmer\ArcGIS\ArcToolbox\Toolboxes\Data Management Tools.tbx\Copy" Date="20101021" Time="164733">Copy O:\E-RES\GIS\Klikkort\Shapefiler\Licences_20100906.shp O:\E-RES\GIS\Klikkort\Shapefiler\Licences.shp ShapeFile</Process><Process ToolSource="C:\Programmer\ArcGIS\ArcToolbox\Toolboxes\Data Management Tools.tbx\Append" Date="20101022" Time="094542">Append C:\Esridata\Utm32\Field_delin\Hejre_5_98.shp O:\E-RES\GIS\Klikkort\Shapefiler\Licences.shp NO_TEST "RECORD_ID 'RECORD_ID' true false false 6 Long 0 6 ,First,#,C:\Esridata\Utm32\Field_delin\Hejre_5_98.shp,RECORD_ID,-1,-1;LICENCE 'LICENCE' true false false 20 Text 0 0 ,First,#;POLYGON_NA 'POLYGON_NA' true false false 20 Text 0 0 ,First,#;URL 'URL' true false false 50 Text 0 0 ,First,#;OPERATOR 'OPERATOR' true false false 25 Text 0 0 ,First,#" # O:\E-RES\GIS\Klikkort\Shapefiler\Licences.shp</Process><Process ToolSource="C:\Programmer\ArcGIS\ArcToolbox\Toolboxes\Data Management Tools.tbx\Rename" Date="20110202" Time="063236">Rename O:\E-RES\GIS\Klikkort\Shapefiler\Licences.shp O:\E-RES\GIS\Klikkort\Shapefiler\Licences_20101202.shp ShapeFile</Process><Process ToolSource="C:\Programmer\ArcGIS\ArcToolbox\Toolboxes\Data Management Tools.tbx\Copy" Date="20110202" Time="063306">Copy O:\E-RES\GIS\Klikkort\Shapefiler\Licences_20101202.shp O:\E-RES\GIS\Klikkort\Shapefiler\Licences.shp ShapeFile</Process><Process ToolSource="C:\Programmer\ArcGIS\ArcToolbox\Toolboxes\Data Management Tools.tbx\Append" Date="20110202" Time="064050">Append 2_05_og_1_11;nin_nab_end Licences NO_TEST "RECORD_ID 'RECORD_ID' true false false 6 Long 0 6 ,First,#,C:\Esridata\Utm32\Licences\2_05_og_1_11.shp,RECORD_ID,-1,-1,C:\Esridata\Utm32\Applications\nin_nab_end.shp,RECORD_ID,-1,-1;LICENCE 'LICENCE' true false false 20 Text 0 0 ,First,#;POLYGON_NA 'POLYGON_NA' true false false 20 Text 0 0 ,First,#;URL 'URL' true false false 50 Text 0 0 ,First,#;OPERATOR 'OPERATOR' true false false 25 Text 0 0 ,First,#" # Licences</Process><Process ToolSource="C:\Programmer\ArcGIS\Desktop10.0\ArcToolbox\Toolboxes\Data Management Tools.tbx\Append" Date="20110519" Time="161801">Append lacsoilinvest Licences NO_TEST "RECORD_ID "RECORD_ID" true false false 6 Long 0 6 ,First,#,C:\Esridata\Utm32\Applications\lacsoilinvest.shp,RECORD_ID,-1,-1;LICENCE "LICENCE" true false false 20 Text 0 0 ,First,#;POLYGON_NA "POLYGON_NA" true false false 20 Text 0 0 ,First,#;URL "URL" true false false 50 Text 0 0 ,First,#;OPERATOR "OPERATOR" true false false 25 Text 0 0 ,First,#" #</Process><Process ToolSource="C:\Programmer\ArcGIS\Desktop10.0\ArcToolbox\Toolboxes\Data Management Tools.tbx\Append" Date="20110526" Time="152750">Append 1_06_rev O:\E-RES\GIS\Klikkort\Shapefiler\Licences.shp NO_TEST "RECORD_ID "RECORD_ID" true false false 6 Long 0 6 ,First,#;LICENCE "LICENCE" true false false 20 Text 0 0 ,First,#;POLYGON_NA "POLYGON_NA" true false false 20 Text 0 0 ,First,#;URL "URL" true false false 50 Text 0 0 ,First,#;OPERATOR "OPERATOR" true false false 25 Text 0 0 ,First,#" #</Process><Process ToolSource="c:\programmer\arcgis\desktop10.0\ArcToolbox\Toolboxes\Data Management Tools.tbx\Rename" Date="20111118" Time="083747">Rename O:\E-RES\GIS\Klikkort\Shapefiler\Licences.shp O:\E-RES\GIS\Klikkort\Shapefiler\Licences_20110526.shp ShapeFile</Process><Process ToolSource="c:\programmer\arcgis\desktop10.0\ArcToolbox\Toolboxes\Data Management Tools.tbx\Copy" Date="20111118" Time="091849">Copy O:\E-RES\GIS\Klikkort\Shapefiler\Licences_20110526.shp O:\E-RES\GIS\Klikkort\Shapefiler\Licences.shp ShapeFile</Process><Process ToolSource="c:\programmer\arcgis\desktop10.0\ArcToolbox\Toolboxes\Data Management Tools.tbx\Append" Date="20111118" Time="092202">Append C:\Esridata\Utm32\Licences\SiriRev2011.shp Licences NO_TEST "RECORD_ID "RECORD_ID" true false false 6 Long 0 6 ,First,#;LICENCE "LICENCE" true false false 20 Text 0 0 ,First,#;POLYGON_NA "POLYGON_NA" true false false 20 Text 0 0 ,First,#;URL "URL" true false false 50 Text 0 0 ,First,#;OPERATOR "OPERATOR" true false false 25 Text 0 0 ,First,#" #</Process><Process ToolSource="c:\programmer\arcgis\desktop10.0\ArcToolbox\Toolboxes\Data Management Tools.tbx\Append" Date="20120307" Time="144326">Append Nikoil_utm32_netny Licences NO_TEST "RECORD_ID "RECORD_ID" true false false 6 Long 0 6 ,First,#;LICENCE "LICENCE" true false false 20 Text 0 0 ,First,#;POLYGON_NA "POLYGON_NA" true false false 20 Text 0 0 ,First,#;URL "URL" true false false 50 Text 0 0 ,First,#;OPERATOR "OPERATOR" true false false 25 Text 0 0 ,First,#" #</Process><Process ToolSource="c:\programmer\arcgis\desktop10.0\ArcToolbox\Toolboxes\Data Management Tools.tbx\Append" Date="20120309" Time="085716">Append total_utm32;Nikoil_rev_utm32 Licences NO_TEST "RECORD_ID "RECORD_ID" true false false 6 Long 0 6 ,First,#;LICENCE "LICENCE" true false false 20 Text 0 0 ,First,#;POLYGON_NA "POLYGON_NA" true false false 20 Text 0 0 ,First,#;URL "URL" true false false 50 Text 0 0 ,First,#;OPERATOR "OPERATOR" true false false 25 Text 0 0 ,First,#" #</Process><Process ToolSource="c:\programmer\arcgis\desktop10.0\ArcToolbox\Toolboxes\Data Management Tools.tbx\Append" Date="20121013" Time="161837">Append 4_06_revised;4_98_revised Licences NO_TEST "RECORD_ID "RECORD_ID" true false false 6 Long 0 6 ,First,#,C:\Esridata\Utm32\Licences\4_98_revised.shp,RECORD_ID,-1,-1;LICENCE "LICENCE" true false false 20 Text 0 0 ,First,#;POLYGON_NA "POLYGON_NA" true false false 20 Text 0 0 ,First,#;URL "URL" true false false 50 Text 0 0 ,First,#;OPERATOR "OPERATOR" true false false 25 Text 0 0 ,First,#" #</Process><Process ToolSource="c:\programmer\arcgis\desktop10.0\ArcToolbox\Toolboxes\Data Management Tools.tbx\Append" Date="20121014" Time="180820">Append Minirundeområde Licences NO_TEST "RECORD_ID "RECORD_ID" true false false 6 Long 0 6 ,First,#;LICENCE "LICENCE" true false false 20 Text 0 0 ,First,#;POLYGON_NA "POLYGON_NA" true false false 20 Text 0 0 ,First,#;URL "URL" true false false 50 Text 0 0 ,First,#;OPERATOR "OPERATOR" true false false 25 Text 0 0 ,First,#" #</Process><Process ToolSource="c:\programmer\arcgis\desktop10.0\ArcToolbox\Toolboxes\Data Management Tools.tbx\Rename" Date="20121205" Time="160946">Rename O:\E-RES\GIS\Klikkort\Shapefiler\Licences.shp O:\E-RES\GIS\Klikkort\Shapefiler\Licences_20121016.shp ShapeFile</Process><Process ToolSource="c:\programmer\arcgis\desktop10.0\ArcToolbox\Toolboxes\Data Management Tools.tbx\Copy" Date="20121205" Time="161152">Copy O:\E-RES\GIS\Klikkort\Shapefiler\Licences_20121016.shp O:\E-RES\GIS\Klikkort\Shapefiler\Licences.shp ShapeFile</Process><Process ToolSource="c:\programmer\arcgis\desktop10.0\ArcToolbox\Toolboxes\Data Management Tools.tbx\Append" Date="20121205" Time="161351">Append C:\Esridata\Utm31\Licences\SiriRev2012NovembDissolv.shp O:\E-RES\GIS\Klikkort\Shapefiler\Licences.shp NO_TEST "RECORD_ID "RECORD_ID" true false false 6 Long 0 6 ,First,#;LICENCE "LICENCE" true false false 20 Text 0 0 ,First,#;POLYGON_NA "POLYGON_NA" true false false 20 Text 0 0 ,First,#;URL "URL" true false false 50 Text 0 0 ,First,#;OPERATOR "OPERATOR" true false false 25 Text 0 0 ,First,#" #</Process><Process ToolSource="c:\programmer\arcgis\desktop10.0\ArcToolbox\Toolboxes\Data Management Tools.tbx\Append" Date="20130103" Time="160357">Append 4_98_solsort_svane_rev;Solsort_braemme Licences NO_TEST "RECORD_ID "RECORD_ID" true false false 6 Long 0 6 ,First,#,O:\E-RES\GIS\Klikkort\Inputfiler\4_98_solsort_svane_rev.shp,RECORD_ID,-1,-1;LICENCE "LICENCE" true false false 20 Text 0 0 ,First,#;POLYGON_NA "POLYGON_NA" true false false 20 Text 0 0 ,First,#;URL "URL" true false false 50 Text 0 0 ,First,#;OPERATOR "OPERATOR" true false false 25 Text 0 0 ,First,#" #</Process><Process ToolSource="c:\programmer\arcgis\desktop10.0\ArcToolbox\Toolboxes\Data Management Tools.tbx\Append" Date="20130225" Time="141119">Append Bo_Syd Licences NO_TEST "RECORD_ID "RECORD_ID" true false false 6 Long 0 6 ,First,#;LICENCE "LICENCE" true false false 20 Text 0 0 ,First,#;POLYGON_NA "POLYGON_NA" true false false 20 Text 0 0 ,First,#;URL "URL" true false false 50 Text 0 0 ,First,#;OPERATOR "OPERATOR" true false false 25 Text 0 0 ,First,#" #</Process><Process ToolSource="c:\programmer\arcgis\desktop10.0\ArcToolbox\Toolboxes\Data Management Tools.tbx\Append" Date="20130506" Time="182211">Append JutlandPetroleum Licences NO_TEST "RECORD_ID "RECORD_ID" true false false 6 Long 0 6 ,First,#;LICENCE "LICENCE" true false false 20 Text 0 0 ,First,#;POLYGON_NA "POLYGON_NA" true false false 20 Text 0 0 ,First,#;URL "URL" true false false 50 Text 0 0 ,First,#;OPERATOR "OPERATOR" true false false 25 Text 0 0 ,First,#" #</Process><Process ToolSource="c:\program files (x86)\arcgis\desktop10.1\ArcToolbox\Toolboxes\Data Management Tools.tbx\Append" Date="20131029" Time="075240">Append GitaRev20131001 Licences NO_TEST "RECORD_ID "RECORD_ID" true false false 6 Long 0 6 ,First,#;LICENCE "LICENCE" true false false 20 Text 0 0 ,First,#;POLYGON_NA "POLYGON_NA" true false false 20 Text 0 0 ,First,#;URL "URL" true false false 50 Text 0 0 ,First,#;OPERATOR "OPERATOR" true false false 25 Text 0 0 ,First,#" #</Process><Process ToolSource="c:\program files (x86)\arcgis\desktop10.1\ArcToolbox\Toolboxes\Data Management Tools.tbx\Append" Date="20131119" Time="122135">Append 'FieldDelineations selection' Licences NO_TEST "RECORD_ID "RECORD_ID" true false false 6 Long 0 6 ,First,#;LICENCE "LICENCE" true false false 20 Text 0 0 ,First,#;POLYGON_NA "POLYGON_NA" true false false 20 Text 0 0 ,First,#;URL "URL" true false false 50 Text 0 0 ,First,#;OPERATOR "OPERATOR" true false false 25 Text 0 0 ,First,#" #</Process><Process ToolSource="c:\program files (x86)\arcgis\desktop10.1\ArcToolbox\Toolboxes\Data Management Tools.tbx\Rename" Date="20131125" Time="111834">Rename O:\omr01\E-RES\GIS\Klikkort\Shapefiler\Licences.shp O:\omr01\E-RES\GIS\Klikkort\Shapefiler\Licences_20131122.shp ShapeFile</Process><Process ToolSource="c:\program files (x86)\arcgis\desktop10.1\ArcToolbox\Toolboxes\Data Management Tools.tbx\Copy" Date="20131125" Time="111939">Copy O:\omr01\E-RES\GIS\Klikkort\Shapefiler\Licences_20131122.shp O:\omr01\E-RES\GIS\Klikkort\Shapefiler\Licences.shp ShapeFile</Process><Process ToolSource="c:\program files (x86)\arcgis\desktop10.1\ArcToolbox\Toolboxes\Data Management Tools.tbx\Rename" Date="20140106" Time="160744">Rename O:\omr01\E-RES\GIS\Klikkort\Shapefiler\Licences.shp O:\omr01\E-RES\GIS\Klikkort\Shapefiler\Licences_20131125.shp ShapeFile</Process><Process ToolSource="c:\program files (x86)\arcgis\desktop10.1\ArcToolbox\Toolboxes\Data Management Tools.tbx\Copy" Date="20140106" Time="161938">Copy O:\omr01\E-RES\GIS\Klikkort\Shapefiler\Licences_20131125.shp O:\omr01\E-RES\GIS\Klikkort\Shapefiler\Licences.shp ShapeFile</Process><Process ToolSource="c:\program files (x86)\arcgis\desktop10.1\ArcToolbox\Toolboxes\Data Management Tools.tbx\Append" Date="20140106" Time="162903">Append 'Licences_20111118 selection' Licences NO_TEST "RECORD_ID "RECORD_ID" true false false 6 Long 0 6 ,First,#,O:\omr01\E-RES\GIS\Klikkort\Shapefiler\Licences_20111118.shp,RECORD_ID,-1,-1;LICENCE "LICENCE" true false false 20 Text 0 0 ,First,#,O:\omr01\E-RES\GIS\Klikkort\Shapefiler\Licences_20111118.shp,LICENCE,-1,-1;POLYGON_NA "POLYGON_NA" true false false 20 Text 0 0 ,First,#,O:\omr01\E-RES\GIS\Klikkort\Shapefiler\Licences_20111118.shp,POLYGON_NA,-1,-1;URL "URL" true false false 50 Text 0 0 ,First,#,O:\omr01\E-RES\GIS\Klikkort\Shapefiler\Licences_20111118.shp,URL,-1,-1;OPERATOR "OPERATOR" true false false 25 Text 0 0 ,First,#,O:\omr01\E-RES\GIS\Klikkort\Shapefiler\Licences_20111118.shp,OPERATOR,-1,-1" #</Process><Process ToolSource="c:\program files (x86)\arcgis\desktop10.1\ArcToolbox\Toolboxes\Data Management Tools.tbx\Append" Date="20140109" Time="113315">Append Tilladelse_5_06_rev_poltum32 Licences NO_TEST "RECORD_ID "RECORD_ID" true false false 6 Long 0 6 ,First,#;LICENCE "LICENCE" true false false 20 Text 0 0 ,First,#;POLYGON_NA "POLYGON_NA" true false false 20 Text 0 0 ,First,#;URL "URL" true false false 50 Text 0 0 ,First,#;OPERATOR "OPERATOR" true false false 25 Text 0 0 ,First,#" #</Process><Process ToolSource="c:\program files (x86)\arcgis\desktop10.1\ArcToolbox\Toolboxes\Data Management Tools.tbx\Copy" Date="20140227" Time="132833">Copy C:\Users\B003932\Downloads\licences20140109\Licences.shp O:\omr01\E-RES\GIS\Klikkort\Shapefiler\LicencesKKA.shp ShapeFile</Process><Process ToolSource="c:\program files (x86)\arcgis\desktop10.1\ArcToolbox\Toolboxes\Data Management Tools.tbx\Rename" Date="20140227" Time="145951">Rename O:\omr01\E-RES\GIS\Klikkort\Shapefiler\LicencesKKA.shp O:\omr01\E-RES\GIS\Klikkort\Shapefiler\Licences.shp ShapeFile</Process></lineage><itemProps><itemLocation><linkage Sync="TRUE">file://\\prod.sitad.dk\dfs\cu2303\enheder\ERE\OGO\E-RES\GIS\Klikkort\Shapefiler\Licences_20160606</linkage><protocol Sync="TRUE">Local Area Network</protocol></itemLocation></itemProps><copyHistory><copy source="F:\ERE\OGO\E-RES\GIS\Klikkort\Shapefiler\Licences_20160525" dest="\\prod.sitad.dk\dfs\cu2303\enheder\ERE\OGO\E-RES\GIS\Klikkort\Shapefiler\Licences_20160606" date="20160601" time="11164900"></copy></copyHistory></DataProperties><ArcGISFormat>1.0</ArcGISFormat></Esri><idinfo><citation><citeinfo><onlink Sync="TRUE">\\ensfile01\omr01\E-RES\GIS\Klikkort\Shapefiler\Licences</onlink></citeinfo></citation></idinfo><distInfo><distributor><distorTran><onLineSrc><linkage Sync="TRUE">file://\\ensfile01\omr01\E-RES\GIS\Klikkort\Shapefiler\Licences</linkage><protocol Sync="TRUE">Local Area Network</protocol></onLineSrc></distorTran></distributor></distInfo><dataqual><lineage><procstep><procdesc Sync="TRUE">Dataset copied.</procdesc><srcused Sync="TRUE">C:\esridata\homepage\Licences_20051019</srcused><date Sync="TRUE">20051020</date><time Sync="TRUE">11260800</time></procstep><procstep><procdesc Sync="TRUE">Dataset copied.</procdesc><srcused Sync="TRUE">c:\esridata\homepage\g1p2_3t4e5m6p7d8i9r0\Licences</srcused><date Sync="TRUE">20051020</date><time Sync="TRUE">11260800</time></procstep><procstep><procdesc Sync="TRUE">Dataset copied.</procdesc><srcused Sync="TRUE">C:\esridata\homepage\Licences_20051212</srcused><date Sync="TRUE">20060518</date><time Sync="TRUE">19185300</time></procstep><procstep><procdesc Sync="TRUE">Dataset copied.</procdesc><srcused Sync="TRUE">C:\esridata\homepage\G1P2_3T4e5m6p7D8i9r0\Licences</srcused><date Sync="TRUE">20060518</date><time Sync="TRUE">19185400</time></procstep><procstep><procdesc Sync="TRUE">Dataset copied.</procdesc><srcused Sync="TRUE">C:\esridata\homepage\Licences_20060522</srcused><date Sync="TRUE">20060815</date><time Sync="TRUE">13510600</time></procstep><procstep><procdesc Sync="TRUE">Dataset copied.</procdesc><srcused Sync="TRUE">C:\esridata\homepage\G1P2_3T4e5m6p7D8i9r0\Licences_20060522_Copy</srcused><date Sync="TRUE">20060815</date><time Sync="TRUE">13510600</time></procstep><procstep><procdesc Sync="TRUE">Dataset copied.</procdesc><srcused Sync="TRUE">C:\esridata\homepage\Licences_20060821</srcused><date Sync="TRUE">20060922</date><time Sync="TRUE">15235700</time></procstep><procstep><procdesc Sync="TRUE">Dataset copied.</procdesc><srcused Sync="TRUE">C:\esridata\homepage\G1P2_3T4e5m6p7D8i9r0\Licences</srcused><date Sync="TRUE">20060922</date><time Sync="TRUE">15235700</time></procstep><procstep><procdesc Sync="TRUE">Dataset copied.</procdesc><srcused Sync="TRUE">C:\esridata\homepage\Licences</srcused><date Sync="TRUE">20060922</date><time Sync="TRUE">15285000</time></procstep><procstep><procdesc Sync="TRUE">Dataset copied.</procdesc><srcused Sync="TRUE">C:\esridata\Utm32\Licenskort\G1P2_3T4e5m6p7D8i9r0\Licences</srcused><date Sync="TRUE">20060922</date><time Sync="TRUE">15285000</time></procstep><procstep><procdesc Sync="TRUE">Dataset copied.</procdesc><srcused Sync="TRUE">C:\Esridata\Utm32\Licenskort\Licences</srcused><date Sync="TRUE">20070118</date><time Sync="TRUE">09272600</time></procstep><procstep><procdesc Sync="TRUE">Dataset copied.</procdesc><srcused Sync="TRUE">C:\Esridata\homepage\G1P2_3T4e5m6p7D8i9r0\Licences</srcused><date Sync="TRUE">20070118</date><time Sync="TRUE">09272600</time></procstep><procstep><procdesc Sync="TRUE">Dataset copied.</procdesc><srcused Sync="TRUE">O:\ENHED-RES\GIS\Klikkort\Shapefiler\Licences_20080405</srcused><date Sync="TRUE">20080530</date><time Sync="TRUE">08360000</time></procstep><procstep><procdesc Sync="TRUE">Dataset copied.</procdesc><srcused Sync="TRUE">O:\ENHED-RES\GIS\Klikkort\Shapefiler\G1P2_3T4e5m6p7D8i9r0\Licences</srcused><date Sync="TRUE">20080530</date><time Sync="TRUE">08360000</time></procstep><procstep><procdesc Sync="TRUE">Dataset copied.</procdesc><srcused Sync="TRUE">O:\ENHED-RES\GIS\Klikkort\Shapefiler\Licences_20080530</srcused><date Sync="TRUE">20080922</date><time Sync="TRUE">15452200</time></procstep><procstep><procdesc Sync="TRUE">Dataset copied.</procdesc><srcused Sync="TRUE">O:\ENHED-RES\GIS\Klikkort\Shapefiler\Licences_20080922</srcused><procdate Sync="TRUE">20081014</procdate><proctime Sync="TRUE">18395300</proctime></procstep><procstep><procdesc Sync="TRUE">Dataset copied.</procdesc><srcused Sync="TRUE">O:\ENHED-RES\GIS\Klikkort\Shapefiler\Licences_20081015</srcused><procdate Sync="TRUE">20090105</procdate><proctime Sync="TRUE">15211900</proctime></procstep><procstep><procdesc Sync="TRUE">Dataset copied.</procdesc><srcused Sync="TRUE">O:\ENHED-RES\GIS\Klikkort\Shapefiler\Licences_20090511</srcused><procdate Sync="TRUE">20090525</procdate><proctime Sync="TRUE">17325800</proctime></procstep><procstep><procdesc Sync="TRUE">Dataset copied.</procdesc><srcused Sync="TRUE">O:\E-RES\GIS\Klikkort\Shapefiler\Licences_20090602</srcused><procdate Sync="TRUE">20090702</procdate><proctime Sync="TRUE">09530800</proctime></procstep><procstep><procdesc Sync="TRUE">Dataset copied.</procdesc><srcused Sync="TRUE">O:\E-RES\GIS\Klikkort\Shapefiler\Licences_20090702</srcused><procdate Sync="TRUE">20090710</procdate><proctime Sync="TRUE">14393500</proctime></procstep><procstep><procdesc Sync="TRUE">Dataset copied.</procdesc><srcused Sync="TRUE">O:\E-RES\GIS\Klikkort\Shapefiler\Licences_20100119</srcused><procdate Sync="TRUE">20100528</procdate><proctime Sync="TRUE">08151200</proctime></procstep><procstep><procdesc Sync="TRUE">Dataset copied.</procdesc><srcused Sync="TRUE">O:\E-RES\GIS\Klikkort\Shapefiler\Licences</srcused><procdate Sync="TRUE">20100531</procdate><proctime Sync="TRUE">14392000</proctime></procstep><procstep><procdesc Sync="TRUE">Dataset copied.</procdesc><srcused Sync="TRUE">O:\E-RES\GIS\Klikkort\Shapefiler\Licences_20100906</srcused><procdate Sync="TRUE">20101021</procdate><proctime Sync="TRUE">16473300</proctime></procstep><procstep><procdesc Sync="TRUE">Dataset copied.</procdesc><srcused Sync="TRUE">O:\E-RES\GIS\Klikkort\Shapefiler\Licences_20101202</srcused><procdate Sync="TRUE">20110202</procdate><proctime Sync="TRUE">06330600</proctime></procstep></lineage></dataqual></metadata>
